msa_name,Unnamed: 0,run_name,spr_radius,spr_cutoff,n_parsimony,n_random,mean_Err_overall,mean_Err,std_Err,mean_time,std_time,n_seq,n_loci,best_msa_ll,is_default_run,mean_Err_normalized,default_time,default_Err_normalized,default_Err,running_time_vs_default,trees_confg
_BoroA6_OG107_gene75.fasta,20,params_4,30.0,0.1,0,6,3.1518978555553785,0.0,0.0,120.06593333333332,5.896713775687353,32.0,309.0,-14079.168233000002,False,0.0,541.5110000000002,0.0,0.0,4.510113609799951,0_6
_ChenA4_Pro_ENSG00000036257.refined.fas,51,params_9,30.0,2.575,1,3,0.00010788333311211318,3.466666445698744e-06,1.5055453289452067e-06,135.72493333333333,5.96183211852899,50.0,745.0,-3199.206657,False,1.08360191052789e-09,645.3500000000003,1.2503099733019125e-09,3.999999989900971e-06,4.754837480119106,1_3
_ChenA4_Pro_ENSG00000062650.refined.fas,65,params_2,15.0,0.1,1,1,0.6202852666668454,0.0,0.0,88.05453333333334,7.4152733103147765,47.0,750.0,-13738.711463,False,0.0,1089.1640000000002,0.0,0.0,12.369198481547043,1_1
_ChenA4_Pro_ENSG00000064313.refined.fas,78,default,default,default,1,5,0.2928424888886487,0.0,0.0,375.38813333333326,10.874363816312377,52.0,844.0,-8641.847797,False,0.0,1132.399,0.0,0.0,3.0166084099266506,1_5
_ChenA4_Pro_ENSG00000071246.refined.fas,104,default,default,default,1,0,0.0,0.0,0.0,15.892333333333335,1.3683697634498553,46.0,293.0,-5300.281848,False,0.0,389.892,0.0,0.0,24.533338926526415,1_0
_ChenA4_Pro_ENSG00000085840.refined.fas,130,default,default,default,2,0,2.1800000013172394e-05,0.0,0.0,38.597,3.835749544929722,48.0,212.0,-4418.60293,False,0.0,422.4300000000002,0.0,0.0,10.94463300256497,2_0
_ChenA4_Pro_ENSG00000092929.refined.fas,156,default,default,default,1,0,0.0,0.0,0.0,19.677533333333333,1.36467023053016,40.0,232.0,-6240.643709,False,0.0,412.232,0.0,0.0,20.94937373586798,1_0
_ChenA4_Pro_ENSG00000101052.refined.fas,221,params_2,15.0,0.1,0,3,6.411964777777678,0.0,0.0,118.9182,6.0884597066910136,57.0,411.0,-8755.424857,False,0.0,910.3979999999997,0.0,0.0,7.6556658274343174,0_3
_ChenA4_Pro_ENSG00000101216.refined.fas,234,default,default,default,1,2,0.4731558000003133,0.0,0.0,104.04293333333332,2.6404846272354363,47.0,378.0,-8381.399897,False,0.0,668.7790000000002,0.0,0.0,6.427913733048667,1_2
_ChenA4_Pro_ENSG00000105793.refined.fas,273,params_2,15.0,0.1,1,0,0.0,0.0,0.0,31.29093333333333,4.237330468023245,54.0,349.0,-12608.974813,False,0.0,969.5609999999997,0.0,0.0,30.98536530283532,1_0
_ChenA4_Pro_ENSG00000115310.refined.fas,299,params_2,15.0,0.1,8,0,1.1515968416667195,0.0,0.0,56.41373333333333,1.0672189805194376,37.0,187.0,-2618.474699,False,0.0,203.47600000000008,0.0,0.0,3.6068522321987806,8_0
_ChenA4_Pro_ENSG00000116198.refined.fas,331,params_3,22.0,0.1,1,0,0.0,0.0,0.0,32.369466666666675,3.9971342031629664,46.0,569.0,-15325.877717,False,0.0,877.2840000000001,0.0,0.0,27.102207430047244,1_0
_ChenA4_Pro_ENSG00000116221.refined.fas,358,params_4,30.0,0.1,0,2,0.0014444000000366944,0.0,0.0,486.2874000000001,21.119864866315513,55.0,329.0,-15538.541247,False,0.0,5208.892999999999,0.0,0.0,10.711552468766408,0_2
_ChenA4_Pro_ENSG00000116668.refined.fas,364,default,default,default,0,1,0.0,0.0,0.0,39.100400000000015,4.549600544474836,44.0,337.0,-10467.893,False,0.0,696.1839999999999,0.0,0.0,17.805035242606202,0_1
_ChenA4_Pro_ENSG00000117862.refined.fas,390,default,default,default,0,10,1.1549255999998422,7.999999979801942e-06,0.0,195.761,1.6985220118703997e-14,53.0,141.0,-2633.749325,False,3.037494838200648e-09,365.955,3.037494838200648e-09,7.999999979801942e-06,1.8693968665873182,0_10
_ChenA4_Pro_ENSG00000123297.refined.fas,418,params_1,8.0,0.1,4,0,1.0361440500001815,0.0,0.0,81.58646666666667,2.5939546990941045,49.0,218.0,-7166.198815000002,False,0.0,574.8199999999998,0.0,0.0,7.045531244152419,4_0
_ChenA4_Pro_ENSG00000136636.refined.fas,442,default,default,default,10,0,0.458561699999609,0.0,0.0,349.27900000000017,4.5576128157863035e-14,47.0,622.0,-6630.660864,False,0.0,784.7829999999997,0.0,0.0,2.2468656861706524,10_0
_ChenA4_Pro_ENSG00000140320.refined.fas,468,default,default,default,10,0,0.7143484000000171,0.0,0.0,85.20100000000002,7.596021359643841e-15,41.0,158.0,-1949.862302,False,0.0,191.91299999999998,0.0,0.0,2.252473562516871,10_0
_ChenA4_Pro_ENSG00000141101.refined.fas,514,params_4,30.0,0.1,1,0,0.0,0.0,0.0,21.379066666666667,1.4242110832049473,51.0,263.0,-8363.623081,False,0.0,631.4699999999998,0.0,0.0,29.536836656417794,1_0
_ChenA4_Pro_ENSG00000141279.refined.fas,520,default,default,default,2,0,0.20893949999990585,0.0,0.0,127.63479999999998,6.618452281311695,55.0,844.0,-14202.684013,False,0.0,1405.168,0.0,0.0,11.00928586874426,2_0
_ChenA4_Pro_ENSG00000146414.refined.fas,567,params_5,1.0,2.575,2,0,0.470139866666735,0.0,0.0,116.59999999999998,7.928081582036643,49.0,522.0,-8400.444983,False,0.0,893.9099999999999,0.0,0.0,7.666466552315609,2_0
_ChenA4_Pro_ENSG00000147604.refined.fas,572,default,default,default,5,2,0.7705459714285186,0.0,0.0,123.54693333333334,3.1391808409808037,47.0,241.0,-4309.956247,False,0.0,377.22000000000014,0.0,0.0,3.053252637054529,5_2
_ChenA4_Pro_ENSG00000156110.refined.fas,598,default,default,default,0,3,4.435555553451803e-05,0.0,0.0,97.71833333333332,5.4591624510236585,51.0,336.0,-6331.328093,False,0.0,608.1329999999998,0.0,0.0,6.223325544507171,0_3
_ChenA4_Pro_ENSG00000156928.refined.fas,625,params_0,1.0,0.1,4,1,2.9780031066667285,0.0,0.0,107.46953333333336,8.840228680515535,51.0,120.0,-3766.228553,False,0.0,352.593,0.0,0.0,3.2808647163878377,4_1
_ChenA4_Pro_ENSG00000165526.refined.fas,678,params_1,8.0,0.1,10,0,2.0860016000000536,0.0,0.0,263.3649999999999,0.0,49.0,269.0,-10394.929015,False,0.0,725.9320000000001,0.0,0.0,2.7563723349723785,10_0
_ChenA4_Pro_ENSG00000172845.refined.fas,722,params_4,30.0,0.1,1,5,0.21470403333403532,0.0,0.0,207.5054,4.673630216437758,51.0,482.0,-9546.696578,False,0.0,789.7009999999998,4.1899324247519036e-10,4.0000013541430235e-06,3.8056889121921635,1_5
_ChenA4_Pro_ENSG00000176845.refined.fas,728,default,default,default,1,5,0.371255033333576,0.0,0.0,120.51946666666666,2.8472425975887345,43.0,262.0,-6993.127976000002,False,0.0,377.76199999999983,0.0,0.0,3.1344479895917217,1_5
_ChenA4_Pro_ENSG00000176890.refined.fas,754,default,default,default,2,2,0.7689247000000553,0.0,0.0,90.2954,3.417860563067404,48.0,282.0,-5312.348647,False,0.0,450.1539999999998,0.0,0.0,4.9853480908219,2_2
_ChenA4_Pro_ENSG00000179115.refined.fas,801,params_5,1.0,2.575,1,0,0.0,0.0,0.0,46.04366666666665,8.786574350082281,44.0,471.0,-8989.652627,False,0.0,686.9639999999998,0.0,0.0,14.919836966358023,1_0
_ChenA4_Pro_ENSG00000185917.refined.fas,806,default,default,default,4,0,0.004862600000069506,0.0,0.0,105.7862,5.562282011137927,49.0,260.0,-9561.198482,False,0.0,628.0249999999999,0.0,0.0,5.936738440363676,4_0
_ChenA4_Pro_ENSG00000186063.refined.fas,834,params_1,8.0,0.1,7,0,0.01792432380959456,4.66666673067569e-06,6.831300604339349e-06,92.47973333333331,0.9169909227363991,53.0,280.0,-3894.009928,False,1.1984218882237246e-09,402.97699999999986,4.879289066290344e-09,1.900000006571645e-05,4.357462824287267,7_0
_ChenA4_Pro_ENSG00000188342.refined.fas,858,default,default,default,4,1,0.33122318666648426,0.0,0.0,125.8134,9.2137316373831,45.0,239.0,-3391.751403,False,0.0,480.92200000000025,0.0,0.0,3.8225022135956923,4_1
_ChenA4_Pro_ENSG00000198026.refined.fas,884,default,default,default,0,1,0.0,0.0,0.0,37.77660000000001,5.005107645481481,47.0,417.0,-9648.553611,False,0.0,667.7250000000003,0.0,0.0,17.67562459300202,0_1
_JarvD5a_exon_10699.fasta,912,params_1,8.0,0.1,1,8,9.928998511110883,0.6532709333332605,1.7239776256620216,94.99653333333332,4.005419790139112,45.0,1082.0,-6655.542593,False,9.815442155239776e-05,211.703,0.0001030781473356476,0.6860409999999321,2.2285339535197077,1_8
_JarvD5a_exon_10935.fasta,962,default,default,default,9,0,3.2563283851852587,0.0,0.0,43.32886666666668,0.6399023214150604,46.0,2264.0,-5931.567102,False,0.0,103.747,0.0,0.0,2.394408346706506,9_0
_JarvD5a_exon_11235.fasta,988,default,default,default,10,0,6.210439600000428,0.0,0.0,233.031,1.3156694930281552e-14,45.0,1974.0,-15765.571219,False,0.0,503.69300000000015,0.0,0.0,2.161484952645786,10_0
_JarvD5a_exon_12090.fasta,1036,params_6,8.0,2.575,1,3,5.2423715666669075,1.1595324000000498,1.924843384160251,38.1634,2.8329774039742315,47.0,692.0,-4974.62274,False,0.00023308951464328525,131.24200000000002,0.00023436128947551852,1.165859000000637,3.4389493598578746,1_3
_JarvD5a_exon_12103.fasta,1040,default,default,default,10,0,3.5586071999998254,0.0,0.0,45.71400000000001,5.6970160197328794e-15,47.0,652.0,-2967.808409,False,0.0,90.369,0.0,0.0,1.9768342302139383,10_0
_JarvD5a_exon_12388.fasta,1066,default,default,default,1,3,1.6056955499999277,0.0,0.0,226.47226666666663,24.625440966223373,42.0,1750.0,-10299.779418,False,0.0,1098.995,0.0,0.0,4.852669230434102,1_3
_JarvD5a_exon_12520.fasta,1115,params_7,15.0,2.575,3,0,1.4158872000000684,0.1288959333333575,0.09534514960431377,21.0302,7.483724437547313,46.0,1064.0,-2783.731723,False,4.630328859220947e-05,79.83800000000001,5.366393563207942e-05,0.14938600000004953,3.7963500109366533,3_0
_JarvD5a_exon_13253.fasta,1140,params_6,8.0,2.575,2,0,1.1072250333332856,0.6474541333332733,0.6103734856657266,5.9052,1.0018311947913896,48.0,356.0,-918.66785,False,0.0007047749992919348,36.585,0.000716831442397737,0.6585299999999279,6.195387116439749,2_0
_JarvD5a_exon_13324.fasta,1167,params_7,15.0,2.575,0,6,4.4613493333335095,0.22134740000007394,0.8535993325621049,54.804066666666664,2.0893870415803306,46.0,766.0,-4574.851498,False,4.838351585769308e-05,140.26800000000003,6.893753822119498e-05,0.3153789999996661,2.559445102005813,0_6
_JarvD5a_exon_13383.fasta,1193,params_7,15.0,2.575,2,2,1.8097726999999904,0.0009816666666589906,0.000548890656105107,9.374333333333334,2.0688477009011104,48.0,202.0,-679.505356,False,1.444678335484659e-06,29.336999999999996,1.7159540976627575e-06,0.0011660000000119908,3.1295025424030145,2_2
_JarvD5a_exon_13677.fasta,1242,params_4,30.0,0.1,1,5,10.740801477778113,0.82019960000016,1.6979744872394569,45.85059999999999,3.898111132330632,43.0,880.0,-6499.952686,False,0.00012618547235993834,190.46799999999996,0.00015303726781623205,0.9947350000002187,4.15410049159662,1_5
_JarvD5a_exon_13823.fasta,1272,params_8,22.0,2.575,0,4,3.266842366667454,0.0,0.0,69.68333333333335,7.723075688819712,46.0,1292.0,-9275.512608,False,0.0,266.54900000000004,0.0,0.0,3.825147093996651,0_4
_JarvD5a_exon_14364.fasta,1274,default,default,default,10,0,1.7737963000000938,0.00015000000007603376,0.0,40.21100000000001,4.246305029675999e-15,47.0,258.0,-1999.721844,False,7.501043233892572e-08,88.195,7.501043233892572e-08,0.00015000000007603376,2.19330531446619,10_0
_JarvD5a_exon_1642.fasta,1300,default,default,default,0,10,2.5550894999998035,0.0,0.0,36.67399999999999,4.246305029675999e-15,46.0,346.0,-2369.397843,False,0.0,73.827,0.0,0.0,2.013061024158805,0_10
_JarvD5a_exon_1952.fasta,1346,params_4,30.0,0.1,0,8,2.2927466583333547,2.2466666662997645e-05,8.701302583058323e-05,91.61153333333333,4.401292275597941,45.0,644.0,-2480.923953,False,9.055765951967349e-09,280.9969999999999,1.0076890826485656e-08,2.499999982319423e-05,3.0672666396443526,0_8
_JarvD5a_exon_244.fasta,1352,default,default,default,0,10,2.9108439999998152,0.006107999999585445,0.0,71.41100000000002,6.578347465140776e-15,48.0,1334.0,-5431.119407,False,1.1246300333064e-06,144.953,1.1246300333064e-06,0.006107999999585445,2.0298413409698783,0_10
_JarvD5a_exon_2931.fasta,1380,params_1,8.0,0.1,7,0,5.205625714285738,0.0,0.0,103.63720000000002,5.495524402378983,46.0,2386.0,-13804.243236000002,False,0.0,414.379,0.0,0.0,3.9983615921696063,7_0
_JarvD5a_exon_2941.fasta,1404,default,default,default,0,10,4.5879675999996845,0.0,0.0,146.424,3.0384085438575363e-14,45.0,1736.0,-10360.738642,False,0.0,298.997,0.0,0.0,2.0419944817789433,0_10
_JarvD5a_exon_3166.fasta,1453,params_7,15.0,2.575,8,0,3.945756116666644,0.08356086666663033,0.3236298449945177,65.2554,2.741983192612864,46.0,672.0,-4234.449571,False,1.973358408585245e-05,141.204,3.355784444166406e-05,0.1420989999996891,2.163866898371629,8_0
_JarvD5a_exon_3441.fasta,1481,params_9,30.0,2.575,0,3,0.015682488888867537,0.00010919999998198668,0.0001425042355490118,5.147666666666667,0.3340664319448768,46.0,938.0,-1846.651157,False,5.9134070648941026e-08,34.11400000000001,6.065032885071367e-08,0.00011199999994460086,6.627080230525159,0_3
_JarvD5a_exon_4630.fasta,1501,params_3,22.0,0.1,10,0,7.361671599999934,0.0009629999999560824,0.0,19.832,9.495026699554801e-16,44.0,180.0,-1106.3585,False,8.704231042253324e-07,56.65099999999998,3.7221208135177153e-06,0.004118000000062239,2.8565449778136336,10_0
_JarvD5a_exon_4672.fasta,1529,params_5,1.0,2.575,4,1,1.2540661466666645,0.00015360000003662814,0.0001653437113476874,39.94486666666667,3.6337955730429647,47.0,968.0,-3551.541761,False,4.32488227291404e-08,95.23100000000001,5.040064630018654e-08,0.00017900000011650263,2.3840610307874353,4_1
_JarvD5a_exon_5054.fasta,1560,default,default,default,0,3,0.7638359333334341,0.0,0.0,105.419,8.529302316133483,44.0,2066.0,-25517.87256,False,0.0,624.1949999999998,0.0,0.0,5.921086331685937,0_3
_JarvD5a_exon_662.fasta,1599,params_2,15.0,0.1,0,5,13.324487240000279,3.0806706000000608,3.1781060005511006,76.30713333333333,13.283242767092819,46.0,1762.0,-12914.676457,False,0.00023854028478818598,467.857,0.0002459260989290027,3.176056000000244,6.131235437141308,0_5
_JarvD5a_exon_747.fasta,1658,params_4,30.0,0.1,0,10,13.826848300000346,0.0,0.0,312.5680000000001,4.019436694230463e-14,45.0,4708.0,-31654.517795,False,0.0,855.8639999999997,0.0,0.0,2.738168974431162,0_10
_JarvD5a_exon_7659.fasta,1664,default,default,default,10,0,3.3802950999998282,0.0,0.0,53.287000000000006,7.829799600064855e-15,46.0,656.0,-3049.914826,False,0.0,114.69100000000002,0.0,0.0,2.1523260832848536,10_0
_JarvD5a_exon_7698.fasta,1715,params_9,30.0,2.575,0,7,3.8268587523810367,0.0007766666667521349,7.037315487722493e-06,25.79246666666667,1.7260851603997935,48.0,240.0,-1827.230502,False,4.250512816538649e-07,61.14800000000002,1.6861583673725335e-06,0.0030810000000656146,2.3707697596455817,0_7
_JarvD5a_exon_7846.fasta,1718,params_1,8.0,0.1,8,0,6.171355333333483,0.5520904666666259,0.5563636110417185,39.037000000000006,1.1356823625342738,44.0,698.0,-3851.292826,False,0.0001433519837648995,128.47700000000003,0.00017367960064853762,0.6688910000002579,3.2911596690319445,8_0
_JarvD5a_exon_815.fasta,1742,default,default,default,0,1,0.0,0.0,0.0,29.304266666666663,8.933807750551246,42.0,3138.0,-27529.299367000003,False,0.0,520.5550000000002,0.0,0.0,17.76379548825655,0_1
_JarvD5a_exon_8475.fasta,1773,params_12,15.0,5.05,2,2,0.3202202166667197,6.560000004659135e-05,0.00012823015024504358,5.3752666666666675,0.5724772567742842,47.0,442.0,-1023.431488,False,6.409808650189915e-08,20.559,7.42599782463329e-08,7.600000003549211e-05,3.824740477991789,2_2
_JarvD5a_exon_8497.fasta,1800,params_13,22.0,5.05,8,0,0.6168400833334506,0.00010440000014568796,9.83737770094828e-05,43.84846666666667,2.1331366866212584,48.0,288.0,-1744.612428,False,5.984137133848732e-08,94.925,9.629645950830525e-08,0.0001680000000305881,2.1648419481030885,8_0
_JarvD5a_exon_9023.fasta,1826,params_13,22.0,5.05,7,0,0.9662638095239562,1.533333337041161e-06,5.9385744785450625e-06,38.68153333333333,1.6630867113664902,43.0,1312.0,-2486.606406,False,6.166369286837433e-10,88.32000000000002,8.043091248773051e-10,2.000000222324161e-06,2.283260056909155,7_0
_JarvD5a_exon_9591.fasta,1846,default,default,default,0,10,6.007611100001303,0.0,0.0,239.63000000000008,2.8421709430404014e-14,45.0,3352.0,-16657.091878,False,0.0,435.41700000000014,0.0,0.0,1.817038768100822,0_10
_JarvD5a_exon_9749.fasta,1874,params_1,8.0,0.1,10,0,8.178454099999815,0.0,0.0,42.916,4.651594101602378e-15,45.0,486.0,-4709.509893,False,0.0,145.032,0.0,0.0,3.379438903905304,10_0
_JarvD5a_exon_9763.fasta,1899,params_0,1.0,0.1,5,0,4.838377413334189,0.0,0.0,108.24286666666669,4.7588342640168735,48.0,2874.0,-24926.218197,False,0.0,620.1980000000002,0.0,0.0,5.729689346734474,5_0
_JarvD5a_exon_9964.fasta,1946,params_6,8.0,2.575,0,3,0.5890256888889225,0.0007401333334049316,0.0012423185619509722,7.828400000000001,0.9627863433063136,47.0,816.0,-1497.583402,False,4.942184404664841e-07,27.703,7.058037626048214e-07,0.0010569999999461288,3.5387818711358636,0_3
_JarvD5a_intron_10347.fasta,1952,params_1,8.0,0.1,4,2,5.160086466667012,0.0,0.0,118.69406666666669,10.348972498801633,44.0,1954.0,-29019.610717000003,False,0.0,615.3109999999998,0.0,0.0,5.18400807454009,4_2
_JarvD5a_intron_14486.fasta,1978,params_1,8.0,0.1,4,1,3.2262440399995347,0.0,0.0,126.94826666666668,7.241574428915566,45.0,2391.0,-35035.086488,False,0.0,873.2690000000001,0.0,0.0,6.878935986522594,4_1
_JarvD5a_intron_2082.fasta,2021,params_3,22.0,0.1,2,5,9.846407438097165,0.4841352666684543,1.015252739950032,109.40666666666668,10.303845126017396,44.0,1169.0,-17612.060647,False,2.7488848486955492e-05,457.339,5.282715172579916e-05,0.9303950000030454,4.180174882700627,2_5
_JarvD5a_intron_2190.fasta,2050,params_6,8.0,2.575,0,4,3.963734216664549,0.0,0.0,1222.8303999999996,134.24366458996434,46.0,2572.0,-34436.916401,False,0.0,4506.958,0.0,0.0,3.6856770979851343,0_4
_JarvD5a_intron_2623.fasta,2054,default,default,default,9,0,7.534335014816261,0.050919000001158565,0.0,247.646,12.636474395291483,46.0,1042.0,-16408.420764,False,3.1032236882220024e-06,521.612,3.1032236882220024e-06,0.050919000001158565,2.1062807394425915,9_0
_JarvD5a_intron_2820.fasta,2081,params_0,1.0,0.1,7,0,11.130684914286359,0.0,0.0,871.7562666666668,25.385923944092266,47.0,7706.0,-115606.609543,False,0.0,3688.4199999999987,0.0,0.0,4.2310220654947575,7_0
_JarvD5a_intron_3542.fasta,2107,params_0,1.0,0.1,1,3,0.4742796500041246,0.0,0.0,487.7254666666667,26.0762311416428,47.0,5447.0,-77863.99694900001,False,0.0,2466.205999999999,0.0,0.0,5.056545471892519,1_3
_JarvD5a_intron_380.fasta,2151,params_3,22.0,0.1,5,1,5.08274067778192,0.0,0.0,844.3874666666667,36.91671281772891,42.0,12498.0,-162475.601925,False,0.0,4736.653,0.0,0.0,5.609572840651669,5_1
_JarvD5a_intron_5561.fasta,2171,params_2,15.0,0.1,10,0,3.019277899998997,0.0,0.0,336.656,3.3970440237407995e-14,47.0,3966.0,-47905.205668,False,0.0,1340.0499999999995,0.0,0.0,3.9804726486383712,10_0
_JarvD5a_intron_7136.fasta,2197,params_2,15.0,0.1,4,0,3.860134449996501,0.0,0.0,202.7924,4.5746816563716015,46.0,5416.0,-72438.185914,False,0.0,1825.3290000000006,0.0,0.0,9.000973409259917,4_0
_JarvD5a_intron_8617.fasta,2210,default,default,default,10,0,4.7675316000006225,0.0,0.0,182.27,2.0097183471152316e-14,40.0,1129.0,-15138.995253,False,0.0,462.0779999999999,0.0,0.0,2.535129203928238,10_0
_JarvD5a_intron_9301.fasta,2236,default,default,default,10,0,3.5328122999999105,0.0,0.0,23.683,2.6855991067210088e-15,41.0,149.0,-1893.944709,False,0.0,53.19600000000002,0.0,0.0,2.2461681374825835,10_0
_JarvD5a_uce_chr10_1505_s.fasta,2281,params_3,22.0,0.1,9,0,12.96721102222326,0.0,0.0,252.40006666666665,5.885309804525,48.0,2786.0,-26215.01547,False,0.0,1199.2409999999998,0.0,0.0,4.751349775132124,9_0
_JarvD5a_uce_chr11_2387_s.fasta,2289,params_0,1.0,0.1,7,0,1.1424645142841436,0.0,0.0,151.16926666666666,2.9054346236632007,48.0,2549.0,-31531.914852,False,0.0,686.6000000000003,0.0,0.0,4.54192849604792,7_0
_JarvD5a_uce_chr11_3289_s.fasta,2337,params_7,15.0,2.575,4,0,6.5213789833337925,1.304570866667685,0.5319209623329448,191.26793333333336,9.93996832034812,48.0,2430.0,-27035.725002,False,4.825359285061443e-05,835.0370000000001,6.714582279059908e-05,1.8153359999996608,4.365797159238054,4_0
_JarvD5a_uce_chr1_6811_s.fasta,2340,default,default,default,5,0,5.921685226665868,0.0,0.0,231.41013333333333,25.879804699160058,48.0,2466.0,-26688.586435,False,0.0,927.763,0.0,0.0,4.0091718829944645,5_0
_JarvD5a_uce_chr2_24173_s.fasta,2368,params_1,8.0,0.1,6,0,2.592151388888184,0.0,0.0,182.1398,9.34279780824322,48.0,2452.0,-23794.989138,False,0.0,861.9130000000001,0.0,0.0,4.732150798452618,6_0
_JarvD5a_uce_chr2_3120_s.fasta,2392,default,default,default,10,0,4.360438199998681,0.0,0.0,291.0770000000001,4.019436694230463e-14,48.0,2335.0,-23521.977997,False,0.0,723.9889999999999,0.0,0.0,2.4872765625590465,10_0
_JarvD5a_uce_chr2_7245_s.fasta,2418,default,default,default,10,0,3.132578600000488,0.43096499999956,0.0,341.2870000000001,3.0384085438575363e-14,48.0,2470.0,-26450.617755000007,False,1.6293192241912532e-05,957.866,1.6293192241912532e-05,0.43096499999956,2.806629024838332,10_0
_JarvD5a_uce_chr2_7351_s.fasta,2464,params_4,30.0,0.1,2,0,1.6768977999970958,0.2597503999970892,0.18831593892727208,53.15846666666667,11.278181222840773,48.0,2869.0,-33963.890762,False,7.64783993145176e-06,1102.4130000000002,7.85366440696174e-06,0.2667409999994561,20.738239251947327,2_0
_JarvD5a_uce_chr3_14486_s.fasta,2470,default,default,default,0,10,7.0802342999973895,0.017614999997022096,0.0,726.107,6.076817087715071e-14,48.0,2508.0,-36703.584794,False,4.799258736138942e-07,1266.4910000000004,4.799258736138942e-07,0.017614999997022096,1.7442208930639707,0_10
_JarvD5a_uce_chr3_8546_s.fasta,2496,default,default,default,0,10,3.2469139000022547,0.0,0.0,510.98400000000015,3.3970440237407995e-14,48.0,2542.0,-34045.792119,False,0.0,935.23,0.0,0.0,1.8302530020509444,0_10
_JarvD5a_uce_chr6_10965_s.fasta,2524,params_1,8.0,0.1,0,7,2.886375876188963,0.01769159999967087,0.03662509154830222,242.8052,6.3839912191131925,48.0,2875.0,-35409.255333,False,4.996320830046661e-07,1046.6080000000004,8.9733601276505e-07,0.0317739999954938,4.310484289463324,0_7
_JarvD5a_uce_chr6_3258_s.fasta,2548,default,default,default,0,8,4.456596566666182,0.0,0.0,412.2541333333333,17.31569278704255,48.0,2434.0,-24597.964796,False,0.0,891.388,0.0,0.0,2.162229382135162,0_8
_JarvD5a_uce_chr6_9797_s.fasta,2597,params_7,15.0,2.575,3,2,1.273571026667123,0.0,0.0,139.23559999999998,11.41658786778507,48.0,2311.0,-14176.818715,False,0.0,431.387,0.0,0.0,3.09825217114014,3_2
_JarvD5a_uce_chr7_1417_s.fasta,2602,params_1,8.0,0.1,0,3,0.6323610666665546,0.1961238666675248,0.16654970337593192,114.06973333333332,12.373269324675364,48.0,2634.0,-33561.154034,False,5.843776005701008e-06,1059.008,9.418388881404684e-06,0.3160920000009355,9.283864957458773,0_3
_JarvD5a_uce_chr8_4057_s.fasta,2651,params_9,30.0,2.575,0,3,5.493809577778949,0.9843620000006922,1.0196321652654854,154.11006666666668,13.910132480968521,48.0,2347.0,-19895.646907,False,4.947624998583778e-05,670.8199999999998,5.923255501623998e-05,1.1784700000025623,4.352862953793629,0_3
_JarvD5b_bin.1436.fasta,2672,params_4,30.0,0.1,10,0,4.222730800008868,0.0,0.0,1264.644,2.1050711888450488e-13,48.0,12085.0,-145424.71961600002,False,0.0,4730.777000000001,0.0,0.0,3.740797410180257,10_0
_JarvD5b_bin.1708.fasta,2680,params_1,8.0,0.1,1,2,13.91277328885885,0.0,0.0,2829.8705333333337,172.13181250793426,48.0,61948.0,-757327.9760779998,False,0.0,27407.67099999999,0.0,0.0,9.68513247414051,1_2
_JarvD5b_bin.1872.fasta,2706,params_1,8.0,0.1,0,7,5.504590038107042,0.010316666669677944,0.02722561436981105,1745.8163999999995,42.52696188772478,48.0,17061.0,-194803.733361,False,5.295928620915926e-08,6819.956000000003,5.364938248827406e-07,0.10451100001228042,3.906456601049231,0_7
_JarvD5b_bin.278.fasta,2750,params_4,30.0,0.1,5,0,3.163862826665864,0.0,0.0,732.0751333333333,25.268465929088837,48.0,20282.0,-224367.10143600003,False,0.0,5283.495,0.0,0.0,7.217148567719871,5_0
_JarvD5b_bin.840.fasta,2776,params_4,30.0,0.1,1,0,0.0,0.0,0.0,219.47586666666672,18.420690997845217,48.0,24162.0,-298497.034661,False,0.0,7882.256999999999,0.0,0.0,35.91400330119817,1_0
_JarvD5b_bin.949.fasta,2795,params_2,15.0,0.1,6,0,5.589547588897403,0.0,0.0,838.7481333333333,48.64994216097964,48.0,14695.0,-144825.913129,False,0.0,5334.659000000001,0.0,0.0,6.360263335310355,6_0
_JarvD5b_bin.976.fasta,2810,params_1,8.0,0.1,7,0,3.519053390481887,0.0,0.0,1192.9279333333334,34.611131465937085,48.0,19729.0,-211218.263002,False,0.0,7248.755999999998,0.0,0.0,6.07644082886482,7_0
_MisoA2_EOG51JWTJ.aln,2854,params_4,30.0,0.1,0,6,18.88511030000005,3.1392031999996104,5.273779552684574,2827.0544666666665,127.1868636106882,138.0,389.0,-30117.438832,False,0.0001042320768877659,10141.655,0.00015630097320891353,4.707385000001524,3.587357484469643,0_6
_MisoA2_EOG51RN94.aln,2880,params_4,30.0,0.1,0,8,5.749853716665165,0.0,0.0,3529.9173333333338,86.87720093628602,138.0,420.0,-35945.208801,False,0.0,9206.779,0.0,0.0,2.608213771200685,0_8
_MisoA2_EOG52BVQF.aln,2886,default,default,default,10,0,14.715837999999346,1.0304219999998168,0.0,8732.356,4.861453670172057e-13,134.0,600.0,-22171.158476,False,4.6475785246640834e-05,21113.524,4.6475785246640834e-05,1.0304219999998168,2.417849661649159,10_0
_MisoA2_EOG52RBQC.aln,2912,default,default,default,0,10,15.39503069999882,0.0,0.0,2064.7750000000005,1.7187834283014456e-13,131.0,137.0,-20919.623443,False,0.0,4413.298000000002,0.0,0.0,2.1374232059183207,0_10
_MisoA2_EOG534TPB.aln,2962,params_8,22.0,2.575,3,0,12.93727686666706,4.741074266666933,4.253121268744669,1219.9408666666668,183.71749654909482,139.0,163.0,-5094.795719,False,0.0009305720048766755,4830.96,0.0011631488928792117,5.926006000000597,3.959995219440417,3_0
_MisoA2_EOG544J2X.aln,2987,params_7,15.0,2.575,1,4,12.64571850666759,4.324553600000945,1.9366250459131111,2024.7992000000006,225.32703880651852,116.0,195.0,-8633.279716,False,0.0005009166553455089,7405.3160000000025,0.0005672376154946061,4.897121000001789,3.6573088333895036,1_4
_MisoA2_EOG5BCC3C.aln,3016,default,default,default,10,0,3.0658303999998684,3.199999991920777e-05,0.0,2414.1089999999995,2.977020225025522e-13,88.0,483.0,-12928.758888,False,2.475102227245416e-09,4770.79,2.475102227245416e-09,3.199999991920777e-05,1.9762115132332472,10_0
_MisoA2_EOG5PC86V.aln,3042,default,default,default,6,0,4.320835999997831,0.0,0.0,7976.857466666667,242.2031231103541,130.0,967.0,-88266.917111,False,0.0,29211.773999999987,0.0,0.0,3.6620654339216707,6_0
_MisoA2_EOG5RJDGG.aln,3087,params_3,22.0,0.1,8,0,13.068192066668024,0.7464435333347258,0.5374249806778283,3181.9144,90.088956525362,111.0,539.0,-26838.646639,False,2.7812264283477227e-05,10815.074,3.6771079155993735e-05,0.9868860000024142,3.39892047378773,8_0
_MisoA2_EOG5TB2SN.aln,3094,default,default,default,0,10,10.186914600000089,0.9685849999987112,0.0,5049.414999999999,5.435270437985279e-13,132.0,349.0,-26469.354946,False,3.659269377643379e-05,10334.637,3.659269377643379e-05,0.9685849999987112,2.0466998652319135,0_10
_MisoA2_EOG5XWDDP.aln,3120,default,default,default,9,0,19.31428965185126,4.3215430000000215,0.0,2949.7566666666667,141.5121733181923,144.0,264.0,-11838.450526,False,0.00036504295815646687,6699.866000000001,0.00036504295815646687,4.3215430000000215,2.271328369458724,9_0
_MisoA2_EOG5Z613P.aln,3159,params_2,15.0,0.1,7,0,13.541250952379706,0.4218884666673451,0.7005544266167721,3280.208533333333,153.4895774390219,138.0,553.0,-52696.31908,False,8.006032945619265e-06,12654.844,1.1775205760740767e-05,0.6205100000006496,3.857938869252378,7_0
_MisoD2a_EOG576HF8.aln,3197,params_9,30.0,2.575,1,2,14.137358777781225,1.3380586000023564,2.0295575840158957,1461.2206666666668,119.26807769694216,137.0,1314.0,-97581.844705,False,1.3712167504595203e-05,3703.5939999999987,2.533475368785669e-05,2.4722120000078576,2.53458911750039,1_2
_MisoD2a_EOG5B2RD1.aln,3224,default,default,default,10,0,7.46054949999889,1.464877999998862,0.0,760.4590000000003,4.296958570753612e-14,129.0,543.0,-32797.398515,False,4.466445713152813e-05,1714.4740000000006,4.466445713152813e-05,1.464877999998862,2.254525227527059,10_0
_MisoD2a_EOG5CNP6C.aln,3270,params_4,30.0,0.1,9,1,7.343020986667204,0.0,0.0,885.8295333333333,28.24426338939509,77.0,1497.0,-49432.861547,False,0.0,2227.1639999999998,0.0,0.0,2.514212854948841,9_1
_MisoD2a_EOG5F7M1P.aln,3296,params_4,30.0,0.1,0,10,19.927569899999803,3.725298999997904,0.0,739.4979999999997,6.076817087715071e-14,120.0,624.0,-35575.798061,False,0.00010471441831354912,1923.6990000000005,0.00010890729684706156,3.874464000000444,2.601357948229747,0_10
_MisoD2a_EOG5J9KGB.aln,3325,params_7,15.0,2.575,4,0,4.77319833333313,0.3695303999993485,1.13682223452077,885.3996666666667,95.14747947766342,134.0,627.0,-44559.998129,False,8.292872879607578e-06,2174.11,1.4762253761738543e-05,0.6578060000028927,2.455512557605812,4_0
_MisoD2a_EOG5ZCRKK.aln,3352,params_8,22.0,2.575,4,0,5.389607766666692,1.2725865999993402,0.11074311837677236,812.2039333333331,59.429369859723465,125.0,687.0,-42324.541777,False,3.00673450100029e-05,1912.8430000000005,3.602836406435042e-05,1.5248839999985648,2.3551264916307155,4_0
_MisoD2b_EOG51JWVM.aln,3374,params_4,30.0,0.1,7,0,18.04585060952344,2.8653363333329858,2.5730376384345544,327.00426666666664,19.21471340430357,132.0,350.0,-9513.41359,False,0.0003011890848879814,1452.6280000000006,0.0003018022892454051,2.8711700000003475,4.442229499961675,7_0
_MisoD2b_EOG54J10X.aln,3380,default,default,default,0,8,12.276208191667259,2.7436330000018643,0.0,671.5550666666667,23.704773836467925,133.0,392.0,-32043.599069,False,8.56218739378793e-05,1613.6369999999995,8.56218739378793e-05,2.7436330000018643,2.402836461363406,0_8
_MisoD2b_EOG55DV4M.aln,3407,params_0,1.0,0.1,4,0,7.282030600002932,1.61113493333396,2.7735977438690047,644.9648000000002,32.22298963074126,141.0,1042.0,-39121.951288,False,4.118237665277572e-05,2743.782,4.2573234339550207e-05,1.6655480000044918,4.254157746283207,4_0
_MisoD2b_EOG55DV50.aln,3432,default,default,default,10,0,11.000847999998946,1.6033580000002985,0.0,1246.8970000000004,1.2153634175430145e-13,136.0,618.0,-38723.405783,False,4.140539726761818e-05,2473.985,4.140539726761818e-05,1.6033580000002985,1.9841133630123413,10_0
_MisoD2b_EOG5CJSZ4.aln,3460,params_1,8.0,0.1,10,0,18.89078099999824,2.3427410000003874,0.0,1004.6219999999997,4.296958570753612e-14,128.0,874.0,-42212.346874,False,5.549895169281289e-05,2586.979,5.696743199737983e-05,2.404728999994404,2.5750769941331173,10_0
_MisoD2b_EOG5FJ6RG.aln,3484,default,default,default,0,8,8.948605750001267,0.8871890000009444,0.0,622.9044,32.502649636606535,133.0,506.0,-29416.259842000003,False,3.0159816535691323e-05,1638.4249999999995,3.0159816535691323e-05,0.8871890000009444,2.6302992883017033,0_8
_MisoD2b_EOG5H189S.aln,3510,default,default,default,0,10,6.294311499997277,0.27437699999427423,0.0,2352.579,2.430726835086029e-13,141.0,1476.0,-74506.416547,False,3.6825955764654477e-06,4437.035999999999,3.6825955764654477e-06,0.27437699999427423,1.886030607261222,0_10
_MisoD2b_EOG5H44K0.aln,3536,default,default,default,0,8,3.3368184916687214,0.041519000005791895,0.0,681.2798,14.296837133735963,126.0,782.0,-33655.009493,False,1.2336647836758908e-06,1528.1729999999993,1.2336647836758908e-06,0.041519000005791895,2.243091604947041,0_8
_MisoD2b_EOG5KKWJV.aln,3575,params_2,15.0,0.1,10,0,11.630809699999556,1.4241949999995995,0.0,357.754,6.263839680051884e-14,110.0,410.0,-9349.953137,False,0.00015232108430187946,793.954,0.0001586012227304027,1.4829140000001644,2.2192735790515266,10_0
_MisoD2b_EOG5PK0RN.aln,3588,default,default,default,10,0,10.60492189999968,0.0,0.0,1479.8300000000006,2.1050711888450488e-13,135.0,620.0,-18835.898956,False,0.0,2937.1120000000005,0.0,0.0,1.9847631146820914,10_0
_PrumD6_L137.fasta,3686,params_4,30.0,0.1,0,10,6.159354600001096,0.0,0.0,1285.7829999999994,1.0525355944225239e-13,200.0,1537.0,-38623.322278,False,0.0,3267.527999999999,0.0,0.0,2.541274849644147,0_10
_ShenA9_BUSCOfEOG780RXX.domain.aa.aln.trimmed.fasta,3711,params_3,22.0,0.1,5,0,5.688691373333858,0.0,0.0,342.2632000000001,25.254978547944603,92.0,238.0,-24343.620076,False,0.0,2258.5780000000004,0.0,0.0,6.598950749014208,5_0
_ShenA9_BUSCOfEOG7FBRTR.domain.aa.aln.trimmed.fasta,3719,params_0,1.0,0.1,9,0,8.434418696297021,0.0,0.0,982.2008666666666,18.19323053409332,84.0,305.0,-21910.163202,False,0.0,2340.574,0.0,0.0,2.3829891414607456,9_0
_ShenA9_BUSCOfEOG7V1G1D.domain.aa.aln.trimmed.fasta,3744,default,default,default,6,1,2.755050561904292,0.0,0.0,950.4158,48.69338307819658,88.0,281.0,-26259.595503,False,0.0,2701.7740000000003,0.0,0.0,2.8427284142372216,6_1
_SongD1_gene210.aln,3772,params_1,8.0,0.1,1,0,0.0,0.0,0.0,67.65433333333334,6.115387134885559,37.0,3074.0,-32546.618498000003,False,0.0,2267.283,0.0,0.0,33.51275355606686,1_0
_StruA5_gene2111_23993.aln,3796,default,default,default,10,0,9.632983300000346,0.0,0.0,2339.137,3.437566856602891e-13,68.0,621.0,-13201.508891,False,0.0,4499.747000000001,0.0,0.0,1.9236782625387059,10_0
_StruA5_gene444_22324.aln,3822,default,default,default,0,7,7.294615561904773,0.0,0.0,325.9516000000001,20.427460508554894,48.0,271.0,-6334.795983,False,0.0,978.9140000000003,0.0,0.0,3.003249562204941,0_7
_StruA5_gene561_22441.aln,3848,default,default,default,10,0,5.81654650000037,0.6474300000008952,0.0,1129.24,0.0,58.0,579.0,-12715.308195,False,5.0917365908242955e-05,2390.0149999999994,5.0917365908242955e-05,0.6474300000008952,2.1164809960681517,10_0
_StruA5_gene703_22584.aln,3893,params_3,22.0,0.1,0,8,8.970880341666954,0.3024859333336887,1.0384705123864235,512.8061999999999,12.508742840795126,52.0,265.0,-6536.2396880000015,False,4.627828044449287e-05,1067.2810000000004,6.117339924583327e-05,0.3998440000004848,2.0812560378560176,0_8
_StruA5_gene731_22612.aln,3922,params_6,8.0,2.575,4,0,6.140796783333796,1.343756733333794,1.7471329799842663,546.8631333333334,36.229590847550995,61.0,241.0,-8793.025419,False,0.00015282074932141104,1196.4969999999996,0.00020165505221542073,1.7731579999999667,2.187927704518875,4_0
_TarvD7_ENSG00000004478.nuc.ord.aln,3926,default,default,default,3,0,1.0136467777774671,0.0,0.0,20.625,3.55351019617022,31.0,1494.0,-12348.78547,False,0.0,141.10100000000006,0.0,0.0,6.841260606060609,3_0
_TarvD7_ENSG00000013375.nuc.ord.aln,3971,params_3,22.0,0.1,0,2,1.4121639333336742,0.0,0.0,18.2814,2.2016526844298445,35.0,1863.0,-17856.360193,False,0.0,204.54,0.0,0.0,11.188421018083952,0_2
_TarvD7_ENSG00000046889.nuc.ord.aln,3979,params_0,1.0,0.1,1,0,0.0,0.0,0.0,78.92273333333334,16.048307612004567,35.0,5874.0,-40653.11437,False,0.0,2810.066,0.0,0.0,35.60527976307628,1_0
_TarvD7_ENSG00000065457.nuc.ord.aln,4023,params_3,22.0,0.1,1,0,0.0,0.0,0.0,7.075466666666667,0.7938502797547321,35.0,1713.0,-18783.624835,False,0.0,225.86200000000005,0.0,0.0,31.921852033317005,1_0
_TarvD7_ENSG00000071967.nuc.ord.aln,4054,params_8,22.0,2.575,0,1,0.0,0.0,0.0,10.62286666666667,1.6702388138341455,34.0,930.0,-9274.473622,False,0.0,160.53099999999995,0.0,0.0,15.111834219262837,0_1
_TarvD7_ENSG00000082269.nuc.ord.aln,4058,params_1,8.0,0.1,0,1,0.0,0.0,0.0,19.890466666666672,1.6943469397915398,34.0,4929.0,-40101.44782,False,0.0,495.7160000000002,0.0,0.0,24.92229108081929,0_1
_TarvD7_ENSG00000091138.nuc.ord.aln,4095,params_2,15.0,0.1,2,1,1.380055200000384,0.0,0.0,32.46873333333333,2.3652880968187318,34.0,2460.0,-26057.00048,False,0.0,305.7879999999999,0.0,0.0,9.41792206245598,2_1
_TarvD7_ENSG00000100916.nuc.ord.aln,4108,default,default,default,2,0,0.24081499999989925,0.0,0.0,7.394533333333332,0.8173905227409156,34.0,1233.0,-5725.3039549999985,False,0.0,75.92699999999998,0.0,0.0,10.267990767954705,2_0
_TarvD7_ENSG00000102890.nuc.ord.aln,4154,params_4,30.0,0.1,2,0,0.4555298999996012,0.0,0.0,13.756733333333333,0.9291501852050974,31.0,2634.0,-20453.780961,False,0.0,251.38200000000003,0.0,0.0,18.273378854476114,2_0
_TarvD7_ENSG00000108587.nuc.ord.aln,4180,params_4,30.0,0.1,0,5,1.108516160000157,0.11571846666671867,0.2153940211208612,19.47953333333333,1.8048169225186028,35.0,834.0,-4914.558241,False,2.3546056632584054e-05,81.93699999999998,4.907033108047614e-05,0.24115900000015245,4.206312266207609,0_5
_TarvD7_ENSG00000109943.nuc.ord.aln,4187,params_0,1.0,0.1,5,0,0.00686245333328164,0.0,0.0,186.07726666666667,4.894536523610014,34.0,1263.0,-15963.416947999998,False,0.0,1073.5380000000002,0.0,0.0,5.769313034477793,5_0
_TarvD7_ENSG00000110048.nuc.ord.aln,4236,params_8,22.0,2.575,0,1,0.0,0.0,0.0,24.77313333333333,1.8393880918340613,34.0,2622.0,-18931.047691,False,0.0,260.1930000000001,0.0,0.0,10.503031509942227,0_1
_TarvD7_ENSG00000111554.nuc.ord.aln,4240,params_1,8.0,0.1,1,0,0.0,0.0,0.0,9.543133333333332,0.9634862936727424,33.0,2511.0,-24312.907772,False,0.0,316.54600000000005,0.0,0.0,33.17002801316131,1_0
_TarvD7_ENSG00000117751.nuc.ord.aln,4292,params_1,8.0,0.1,0,3,1.2891100444446335,0.0,0.0,12.655133333333335,1.3818193424750196,35.0,1155.0,-6866.046014000001,False,0.0,96.96399999999998,0.0,0.0,7.662029110716597,0_3
_TarvD7_ENSG00000134152.nuc.ord.aln,4318,params_1,8.0,0.1,6,0,1.1073642000003323,0.0,0.0,18.51013333333333,0.6484426251375199,34.0,954.0,-6415.887970000002,False,0.0,120.07099999999996,0.0,0.0,6.486771210003889,6_0
_TarvD7_ENSG00000134240.nuc.ord.aln,4355,params_2,15.0,0.1,0,1,0.0,0.0,0.0,9.9044,1.3104991851526333,33.0,1599.0,-15578.045586000002,False,0.0,213.80000000000007,0.0,0.0,21.586365655668192,0_1
_TarvD7_ENSG00000137265.nuc.ord.aln,4391,params_7,15.0,2.575,0,3,0.4579477333332761,0.0,0.0,35.58993333333334,2.027106575063745,34.0,1824.0,-12709.590364,False,0.0,141.49499999999995,0.0,0.0,3.9757028672901864,0_3
_TarvD7_ENSG00000140285.nuc.ord.aln,4394,default,default,default,0,3,0.6769696222221988,0.0,0.0,7.638666666666666,0.48609694310419,32.0,585.0,-3576.000391,False,0.0,47.30600000000001,0.0,0.0,6.192965613545124,0_3
_TarvD7_ENSG00000143552.nuc.ord.aln,4422,params_1,8.0,0.1,1,0,0.0,0.0,0.0,20.771866666666664,2.4680580818202182,35.0,6372.0,-52821.46187,False,0.0,757.6610000000002,0.0,0.0,36.47534485746748,1_0
_TarvD7_ENSG00000145868.nuc.ord.aln,4448,params_1,8.0,0.1,1,0,0.0,0.0,0.0,12.0658,1.4053354048055582,36.0,3702.0,-28470.258007,False,0.0,423.4669999999999,0.0,0.0,35.09647101725538,1_0
_TarvD7_ENSG00000145911.nuc.ord.aln,4491,params_3,22.0,0.1,1,3,1.2726412166664889,0.0,0.0,37.906333333333336,2.149663085451388,34.0,1956.0,-17454.43086,False,0.0,252.09700000000007,0.0,0.0,6.650524538555564,1_3
_TarvD7_ENSG00000156709.nuc.ord.aln,4511,params_2,15.0,0.1,0,1,0.0,0.0,0.0,8.376533333333331,1.0396161974956135,34.0,1989.0,-13567.784146,False,0.0,205.183,0.0,0.0,24.49497803387241,0_1
_TarvD7_ENSG00000158125.nuc.ord.aln,4543,params_3,22.0,0.1,1,0,0.0,0.0,0.0,66.64886666666669,7.5391382973564545,34.0,4386.0,-40052.006325,False,0.0,2026.3110000000006,0.0,0.0,30.40278254293896,1_0
_TarvD7_ENSG00000163069.nuc.ord.aln,4574,params_8,22.0,2.575,0,2,0.12245729999995092,0.0,0.0,11.058466666666664,1.024373806399839,32.0,1332.0,-7993.074883,False,0.0,77.99800000000003,0.0,0.0,7.0532382427943645,0_2
_TarvD7_ENSG00000163141.nuc.ord.aln,4589,params_2,15.0,0.1,4,0,0.3971067833332806,0.0,0.0,16.703666666666667,0.8991043691733814,33.0,1245.0,-11330.227202,False,0.0,148.56199999999995,0.0,0.0,8.893975374668234,4_0
_TarvD7_ENSG00000163285.nuc.ord.aln,4602,default,default,default,2,0,0.44058849999989136,0.0,0.0,17.331599999999998,1.4397377142084908,35.0,1782.0,-12125.163903,False,0.0,175.71099999999996,0.0,0.0,10.138186895612638,2_0
_TarvD7_ENSG00000165338.nuc.ord.aln,4641,params_2,15.0,0.1,5,0,0.013238599999798073,0.0,0.0,51.78873333333333,3.559902134823908,35.0,2424.0,-15682.796829,False,0.0,333.6350000000001,0.0,0.0,6.4422313218705245,5_0
_TarvD7_ENSG00000169375.nuc.ord.aln,4673,params_3,22.0,0.1,0,1,0.0,0.0,0.0,14.903399999999996,0.8884258792139856,36.0,4335.0,-28953.394761000003,False,0.0,385.97699999999986,0.0,0.0,25.89858689963364,0_1
_TarvD7_ENSG00000169891.nuc.ord.aln,4682,params_1,8.0,0.1,0,1,0.0,0.0,0.0,9.314600000000002,0.8506740016850503,34.0,2130.0,-16990.789008,False,0.0,250.96000000000004,0.0,0.0,26.942649174414356,0_1
_TarvD7_ENSG00000171853.nuc.ord.aln,4719,params_2,15.0,0.1,10,0,7.47111630000036,0.0,0.0,159.22800000000004,1.6985220118703997e-14,34.0,3120.0,-28466.341244,False,0.0,371.439,0.0,0.0,2.332749265204612,10_0
_TarvD7_ENSG00000174437.nuc.ord.aln,4732,default,default,default,1,0,0.0,0.0,0.0,11.601266666666668,1.5307937001375962,35.0,4224.0,-27268.283326,False,0.0,292.48599999999993,0.0,0.0,25.21155735867922,1_0
_TarvD7_ENSG00000176029.nuc.ord.aln,4777,params_3,22.0,0.1,1,0,0.0,0.0,0.0,7.118800000000001,0.7906062953744509,33.0,1749.0,-20416.90641,False,0.0,250.51299999999995,0.0,0.0,35.190341068719434,1_0
_TarvD7_ENSG00000176040.nuc.ord.aln,4785,params_0,1.0,0.1,2,0,0.23627353333310264,0.0,0.0,15.4514,1.2117734229514308,32.0,2766.0,-18927.315061,False,0.0,224.969,0.0,0.0,14.559780990719288,2_0
_TarvD7_ENSG00000176915.nuc.ord.aln,4823,params_2,15.0,0.1,1,0,0.0,0.0,0.0,18.546533333333336,1.6638625401098948,34.0,3384.0,-40106.600038,False,0.0,557.0910000000001,0.0,0.0,30.037473310376065,1_0
_TarvD7_ENSG00000176927.nuc.ord.aln,4836,default,default,default,0,1,0.0,0.0,0.0,41.946333333333335,3.1155246443454447,34.0,6558.0,-53453.272261,False,0.0,750.5139999999997,0.0,0.0,17.892243263217278,0_1
_TarvD7_ENSG00000180113.nuc.ord.aln,4875,params_2,15.0,0.1,1,0,0.0,0.0,0.0,27.213933333333333,3.161226942336215,33.0,7107.0,-81785.451179,False,0.0,1010.9230000000003,0.0,0.0,37.14725789975235,1_0
_TarvD7_ENSG00000196511.nuc.ord.aln,4888,default,default,default,1,0,0.0,0.0,0.0,4.024533333333333,0.5659012870339373,34.0,756.0,-7740.246339,False,0.0,97.365,0.0,0.0,24.192867081897692,1_0
_TarvD7_ENSG00000204928.nuc.ord.aln,4927,params_2,15.0,0.1,0,1,0.0,0.0,0.0,4.561333333333335,0.3989148972376131,34.0,852.0,-7298.7937900000015,False,0.0,117.91000000000004,0.0,0.0,25.849897690733705,0_1
_TarvD7_ENSG00000243943.nuc.ord.aln,4942,params_1,8.0,0.1,0,1,0.0,0.0,0.0,9.9074,1.6115141415983383,35.0,2028.0,-15637.616385,False,0.0,225.58399999999997,0.0,0.0,22.76924319195752,0_1
_WhelA7_Gene_0969.aln,4966,default,default,default,0,5,0.7508143066665192,0.0,0.0,105.57953333333332,3.3497408186874664,39.0,185.0,-6452.885763,False,0.0,369.82200000000006,0.0,0.0,3.5027811577117545,0_5
_WickA3_6077.aln,5005,params_2,15.0,0.1,0,8,5.4242166750007526,0.0,0.0,1385.1014,26.106897503478688,72.0,662.0,-22184.436681,False,0.0,3451.584000000001,0.0,0.0,2.491935969453212,0_8
_WickA3_7629.aln,5020,params_1,8.0,0.1,3,6,5.0106699925929,0.0,0.0,246.56620000000007,11.032227350552821,31.0,376.0,-11358.218184,False,0.0,613.4449999999998,0.0,0.0,2.4879525255286397,3_6
_WickA3_7714.aln,5063,params_3,22.0,0.1,10,0,5.341643199999453,0.0,0.0,487.268,4.80414573035271e-14,55.0,362.0,-15155.717231,False,0.0,1368.8529999999996,0.0,0.0,2.809240500094403,10_0
_WickD3a_5881.aln,5070,default,default,default,2,0,0.8506347000002279,0.0,0.0,42.43386666666667,2.962012174824661,54.0,1239.0,-29143.27912,False,0.0,442.35400000000016,0.0,0.0,10.424550830468748,2_0
_WickD3a_5959.aln,5096,default,default,default,0,4,2.3921557499993167,0.0,0.0,162.57693333333333,10.731354457627338,76.0,978.0,-32044.205342,False,0.0,762.495,0.0,0.0,4.690056481977353,0_4
_WickD3a_7647.aln,5141,params_3,22.0,0.1,1,0,0.0,0.0,0.0,13.600866666666667,1.6968144467403232,35.0,2004.0,-36351.488934,False,0.0,431.57599999999996,0.0,0.0,31.731507305906973,1_0
_WickD3a_7865.aln,5167,params_3,22.0,0.1,3,0,0.8058156888860847,0.0,0.0,112.8328,3.019175649080392,58.0,2526.0,-67122.90880199999,False,0.0,1245.4249999999995,0.0,0.0,11.03779220226742,3_0
_WickD3b_4234.aln,5174,default,default,default,0,10,3.1458467000011296,0.0,0.0,299.271,4.80414573035271e-14,63.0,1138.0,-18758.230461000006,False,0.0,527.491,0.0,0.0,1.7625864183298747,0_10
_WickD3b_6075.aln,5219,params_3,22.0,0.1,10,0,6.551719300000148,0.0,0.0,165.585,1.8606376406409512e-14,73.0,540.0,-9490.793398,False,0.0,441.762,9.031910864740542e-07,0.0085720000006404,2.6678865839297035,10_0
_WickD3b_7090.aln,5228,params_1,8.0,0.1,7,0,1.1799927904775402,0.0,0.0,87.81906666666669,1.5126124263607454,43.0,1614.0,-25883.228406,False,0.0,427.81300000000016,0.0,0.0,4.871527519460467,7_0
_WickD3b_7686.aln,5254,params_1,8.0,0.1,0,1,0.0,0.0,0.0,4.599933333333333,0.8158365966178229,33.0,522.0,-5640.366994,False,0.0,76.66100000000002,0.0,0.0,16.665676314149483,0_1
_YangA8_cc4935-1.inclade1.ortho1.aln-cln,5279,params_0,1.0,0.1,2,0,0.6545637666674643,0.0,0.0,263.2124,15.307550101642187,85.0,573.0,-22879.0676,False,0.0,3610.3190000000013,0.0,0.0,13.71637126518356,2_0
_YangA8_cc651-1.inclade1.ortho1.aln-cln,5306,params_1,8.0,0.1,0,1,0.0,0.0,0.0,948.5264,170.16349556227212,85.0,658.0,-22794.481384,False,0.0,21215.685,0.0,0.0,22.366994740473224,0_1
_YangA8_cc7463-1.inclade1.ortho1.aln-cln,5356,default,default,default,1,1,2.062338833333403,0.0,0.0,232.29506666666663,30.349335522183928,87.0,281.0,-15251.768386000002,False,0.0,2252.454,0.0,0.0,9.696521033880476,1_1
_YangA8_cc7495-1.inclade1.ortho1.aln-cln,5401,params_3,22.0,0.1,2,5,5.893756990476332,0.0,0.0,367.3174,19.958346316408946,89.0,188.0,-4844.133873,False,0.0,1004.17,0.0,0.0,2.733793716279163,2_5
_YangA8_cc7514-1.inclade1.ortho1.aln-cln,5410,params_1,8.0,0.1,1,3,4.547217416666566,0.7192336666664535,0.4133923008210325,451.54780000000017,44.05378843641032,87.0,355.0,-11574.492973,False,6.213953979187003e-05,2679.985,8.053493160983466e-05,0.9321509999990668,5.935108088224545,1_3
